DisplayName,EditionID
Windows 11 Education,Windows 11 Education
Windows 11 Education N,Windows 11 Education N
Windows 11 Home,Windows 11 Home
Windows 11 Home N,Windows 11 Home N
Windows 11 Home Single Language,Windows 11 Home Single Language
Windows 11 Pro,Windows 11 Pro
Windows 11 Pro Education,Windows 11 Pro Education
Windows 11 Pro Education N,Windows 11 Pro Education N
Windows 11 Pro for Workstations,Windows 11 Pro for Workstations
Windows 11 Pro N,Windows 11 Pro N
Windows 11 Pro N for Workstations,Windows 11 Pro N for Workstations
