DisplayName,Identifier
Arabic (101),00000401
Canadian French,00001009
Chinese (Simplified) - US,00000804
Chinese (Traditional) - US,00000404
Danish,00000406
Dutch,00000413
Finnish,0000040B
"French (Standard, AZERTY)",0001040C
German,00000407
Italian,00000410
Japanese,00000411
Korean,00000412
Norwegian,00000414
Polish (Programmers),00000415
Portuguese (Brazil ABNT),00000416
Russian,00000419
Spanish,0000040A
Swedish,0000041D
Thai Kedmanee,0000041E
Turkish Q,0000041F
United Kingdom,00000809
United States-International,00020409
US,00000409
Vietnamese,0000042A
