DisplayName,Name
Arabic (Saudi Arabia),ar-SA
"Chinese (Simplified, PRC)",zh-CN
"Chinese (Traditional, Taiwan)",zh-TW
Dutch (Netherlands),nl-NL
English (Australia),en-AU
English (Canada),en-CA
English (United Kingdom),en-GB
English (United States),en-US
French (Canada),fr-CA
French (France),fr-FR
German (Germany),de-DE
Italian (Italy),it-IT
Japanese (Japan),ja-JP
Korean (Korea),ko-KR
Polish (Poland),pl-PL
Portuguese (Brazil),pt-BR
Portuguese (Portugal),pt-PT
Russian (Russia),ru-RU
Spanish (Mexico),es-MX
Spanish (Spain),es-ES
Swedish (Sweden),sv-SE
Thai (Thailand),th-TH
Turkish (Turkey),tr-TR
Vietnamese (Vietnam),vi-VN
