DisplayName,StandardName,UTC
(UTC) GMT Standard Time,GMT Standard Time,(UTC)
(UTC) Greenwich Standard Time,Greenwich Standard Time,(UTC)
(UTC) Morocco Standard Time,Morocco Standard Time,(UTC)
(UTC) UTC,UTC,(UTC)
(UTC+01:00) Central Europe Standard Time,Central Europe Standard Time,(UTC+01:00)
(UTC+01:00) Central European Standard Time,Central European Standard Time,(UTC+01:00)
(UTC+01:00) Namibia Standard Time,Namibia Standard Time,(UTC+01:00)
(UTC+01:00) Romance Standard Time,Romance Standard Time,(UTC+01:00)
(UTC+01:00) W. Central Africa Standard Time,W. Central Africa Standard Time,(UTC+01:00)
(UTC+01:00) W. Europe Standard Time,W. Europe Standard Time,(UTC+01:00)
(UTC+02:00) E. Europe Standard Time,E. Europe Standard Time,(UTC+02:00)
(UTC+02:00) Egypt Standard Time,Egypt Standard Time,(UTC+02:00)
(UTC+02:00) FLE Standard Time,FLE Standard Time,(UTC+02:00)
(UTC+02:00) GTB Standard Time,GTB Standard Time,(UTC+02:00)
(UTC+02:00) Israel Standard Time,Israel Standard Time,(UTC+02:00)
(UTC+02:00) Jordan Standard Time,Jordan Standard Time,(UTC+02:00)
(UTC+02:00) Middle East Standard Time,Middle East Standard Time,(UTC+02:00)
(UTC+02:00) South Africa Standard Time,South Africa Standard Time,(UTC+02:00)
(UTC+02:00) Syria Standard Time,Syria Standard Time,(UTC+02:00)
(UTC+02:00) Türkiye Standard Time,Türkiye Standard Time,(UTC+02:00)
(UTC+03:00) Arab Standard Time,Arab Standard Time,(UTC+03:00)
(UTC+03:00) Arabic Standard Time,Arabic Standard Time,(UTC+03:00)
(UTC+03:00) Belarus Standard Time,Belarus Standard Time,(UTC+03:00)
(UTC+03:00) E. Africa Standard Time,E. Africa Standard Time,(UTC+03:00)
(UTC+03:00) Russian Standard Time,Russian Standard Time,(UTC+03:00)
(UTC+03:30) Iran Standard Time,Iran Standard Time,(UTC+03:30)
(UTC+04:00) Arabian Standard Time,Arabian Standard Time,(UTC+04:00)
(UTC+04:00) Azerbaijan Standard Time,Azerbaijan Standard Time,(UTC+04:00)
(UTC+04:00) Caucasus Standard Time,Caucasus Standard Time,(UTC+04:00)
(UTC+04:00) Georgian Standard Time,Georgian Standard Time,(UTC+04:00)
(UTC+04:00) Mauritius Standard Time,Mauritius Standard Time,(UTC+04:00)
(UTC+04:30) Afghanistan Standard Time,Afghanistan Standard Time,(UTC+04:30)
(UTC+05:00) Pakistan Standard Time,Pakistan Standard Time,(UTC+05:00)
(UTC+05:00) West Asia Standard Time,West Asia Standard Time,(UTC+05:00)
(UTC+05:30) India Standard Time,India Standard Time,(UTC+05:30)
(UTC+05:30) Sri Lanka Standard Time,Sri Lanka Standard Time,(UTC+05:30)
(UTC+05:45) Nepal Standard Time,Nepal Standard Time,(UTC+05:45)
(UTC+06:00) Bangladesh Standard Time,Bangladesh Standard Time,(UTC+06:00)
(UTC+06:00) Central Asia Standard Time,Central Asia Standard Time,(UTC+06:00)
(UTC+06:30) Myanmar Standard Time,Myanmar Standard Time,(UTC+06:30)
(UTC+07:00) SE Asia Standard Time,SE Asia Standard Time,(UTC+07:00)
(UTC+08:00) China Standard Time,China Standard Time,(UTC+08:00)
(UTC+08:00) Singapore Standard Time,Singapore Standard Time,(UTC+08:00)
(UTC+08:00) Taipei Standard Time,Taipei Standard Time,(UTC+08:00)
(UTC+08:00) Ulaanbaatar Standard Time,Ulaanbaatar Standard Time,(UTC+08:00)
(UTC+09:00) Korea Standard Time,Korea Standard Time,(UTC+09:00)
(UTC+09:00) Tokyo Standard Time,Tokyo Standard Time,(UTC+09:00)
(UTC+10:00) AUS Eastern Standard Time,AUS Eastern Standard Time,(UTC+10:00)
(UTC+10:00) West Pacific Standard Time,West Pacific Standard Time,(UTC+10:00)
(UTC+11:00) Central Pacific Standard Time,Central Pacific Standard Time,(UTC+11:00)
(UTC+12:00) Fiji Standard Time,Fiji Standard Time,(UTC+12:00)
(UTC+12:00) New Zealand Standard Time,New Zealand Standard Time,(UTC+12:00)
(UTC+12:00) UTC+12,UTC+12,(UTC+12:00)
(UTC+13:00) Samoa Standard Time,Samoa Standard Time,(UTC+13:00)
(UTC+13:00) Tonga Standard Time,Tonga Standard Time,(UTC+13:00)
(UTC-01:00) Cape Verde Standard Time,Cape Verde Standard Time,(UTC-01:00)
(UTC-02:00) UTC-02,UTC-02,(UTC-02:00)
(UTC-03:00) Argentina Standard Time,Argentina Standard Time,(UTC-03:00)
(UTC-03:00) E. South America Standard Time,E. South America Standard Time,(UTC-03:00)
(UTC-03:00) Greenland Standard Time,Greenland Standard Time,(UTC-03:00)
(UTC-03:00) Montevideo Standard Time,Montevideo Standard Time,(UTC-03:00)
(UTC-03:00) Pacific SA Standard Time,Pacific SA Standard Time,(UTC-03:00)
(UTC-03:00) SA Eastern Standard Time,SA Eastern Standard Time,(UTC-03:00)
(UTC-04:00) Atlantic Standard Time,Atlantic Standard Time,(UTC-04:00)
(UTC-04:00) Paraguay Standard Time,Paraguay Standard Time,(UTC-04:00)
(UTC-04:00) SA Western Standard Time,SA Western Standard Time,(UTC-04:00)
(UTC-04:30) Venezuela Standard Time,Venezuela Standard Time,(UTC-04:30)
(UTC-05:00) Eastern Standard Time,Eastern Standard Time,(UTC-05:00)
(UTC-05:00) SA Pacific Standard Time,SA Pacific Standard Time,(UTC-05:00)
(UTC-06:00) Central America Standard Time,Central America Standard Time,(UTC-06:00)
(UTC-06:00) Central Standard Time (Mexico),Central Standard Time (Mexico),(UTC-06:00)
(UTC-07:00) Mountain Standard Time,Mountain Standard Time,(UTC-07:00)
(UTC-08:00) Pacific Standard Time,Pacific Standard Time,(UTC-08:00)
(UTC-10:00) Hawaiian Standard Time,Hawaiian Standard Time,(UTC-10:00)
(UTC-11:00) UTC-11,UTC-11,(UTC-11:00)
